{
  "cx": [330.0, 285.0, 254.0, 228.0, 210.0],
  "lgN": [4.5307236842, 5.1349382462, 5.6191191041, 6.2435950435, 7.0079185437],
  "slgN":[0.1113325887, 0.1495856699, 0.2394358151, 0.3743819247, 0.5106486109],
  "ni":  [19,23,29,26,12],
  "N0": [5.0,6.0,7.0,7.69897,8.0],
  "ku": 1
}